basecolour,name,dynamicimageid
0xFFFFFF,center_189,1
0x18345E,Hyundai,2
0xFFFFFF,center_3000,3
0xFFFFFF,Marseille_CMA,4
0xFFFFFF,F95_2,5
0xFFFFFF,Fortuna1,6
0x005B9B,center_1,7
0x000000,Bayer3,8
0xFFFFFF,center_3001,9
0x181818,Marseille_DP,10
0xFD5200,Marseille_Boulanger,11
0xCE4435,BayerShop,12
0xFFFFFF,center_66,13
0x2264C4,Marseille_Randstad,14
0x001944,center_223,15
0x000000,center_224,16
0x000D18,center_232,17
0xFFFFFF,Marseille_Sublime,18
0x00BBC5,BorussiaD1,19
0x901523,FCN_01,20
0x2D26FF,FCPorto_Meo,21
0xB5282E,FCPorto_Panike,22
0x012C5F,FCPorto_Hyundai,23
0x00175D,BHAFC_App,24
0xFFFFFF,BHAFC_Foundation,25
0x00175D,BHAFC_Women,26
0xFFFFFF,Juventus_Allianz,27
0xFFCC00,Wiesenhof,28
0x342F60,PSG1,29
0x001F7F,Netherlands1,30
0x09183C,center_205,31
0x023F82,FCSchalke02,32
0xFAEF58,Cagliari_Arborea,33
0x132345,center_217,34
0x001CD0,EvertonDirect,35
0x000000,Puma,36
0x034EA2,LeicesterKingPower,37
0x201E1D,BorussiaD2,38
0x00263E,Genoa_Sempre,39
0x004899,BHAFC_Membership,40
0xFFFFFF,center_207,41
0xFFFFFF,tournament_207,42
0x000000,center_990,43
0x000000,KiaWC,44
0x00175D,BHAFC_Social,45
0x433F5E,Genoa_Pulsee,46
0x1B2659,center_233,47
0xFFFFFF,Empoli_Sammontana,48
0x000000,Sportage,49
0xFFFFFF,BurnleyClarets,50
0x231F20,USA1,51
0xFFFFFF,BHAFC_Community,52
0xFFFFFF,Hellas_Conforama,53
0x24305D,Hellas_Drivalia,54
0x0C183F,Portugal1,55
0x000000,VisitRwanda,56
0x004899,BHAFC_DotCom,57
0xBB2C88,RM_Dubai,58
0xFFFFFF,Japan2,59
0x00955E,Preuben_Tradition,60
0x010101,Preuben_Home,61
0x003063,Preuben_Bank,62
0x091C3D,center_16,63
0xFFFFFF,center_17,64
0x002641,Bayer4,65
0x00955E,Preuben_Homegreen,66
0xFFFFFF,Spain1,67
0x010101,Preuben_IG,68
0x000000,Copa,69
0x003063,Preuben_Esports,70
0xFFFFFF,center_206,71
0x44BDC8,Spain2,72
0x00955E,Preuben_IGgreen,73
0x23827A,Union_M4E,74
0x000000,center_2076,75
0xFFFFFF,France1,76
0x110B19,France2,77
0x0E4194,LcfcCom,78
0x9F141E,center_335,79
0x000000,EFL_Carabo,80
0xFFFFFF,EFL_BSM,81
0x1180C2,BVP5,82
0xFFFFFF,EFL_SkySports,83
0x000106,Fortuna2,84
0x000000,EFL_Puma,85
0xBA0C2F,EFL_Kelloggs,86
0x000000,SAP,87
0x001489,England1,88
0x2A317D,England2,89
0x012139,EFL_Energy,90
0x00C300,Netherlands_KPN,91
0xFFE500,Fortuna_Metro,92
0x0255a5,CPFC_SP100,93
0x171717,Brentford_Aosom,94
0xFFFFFF,center_980,95
0xED1D30,Saints_IG,96
0xED1D30,Saints_Web,97
0xED1D30,Saints_App,98
0xED1D30,Saints_Tiktok,99
0x1B1918,BorussiaM7,100
0xFF3030,EmiratesRM,101
0x000000,DeutscheBank,102
0xFFFFFF,Saints_utilita,103
0xA7BC1,Saints_Draper,104
0x101B37,Recopa,105
0x000000,Venezia_Black,106
0x000000,NikeFootball2,107
0xFC5000,Venezia_Orange,108
0xFFFFFF,WWKVersicherungen,109
0x000000,NikeFootball,110
0x000000,Venezia_CittaBlack,111
0xFC5000,Venezia_CittaOrange,112
0xFFFFFF,Heinz,113
0xFFFFFF,Everton_Eitc,114
0xFFFFFF,Niemals,115
0x009FDA,Como_Acinque,116
0xFFFFFF,Como_Polytron,117
0xC8C8C8,tournament_970,118
0xE6E6E6,tournament_980,119
0xB9B9B9,tournament_999,120
0x0D143F,Como_Neuberger,121
0xD71920,Emirates,122
0xB61118,FCHHW,123
0xFFFFFF,FCHVoith,124
0xDB151C,FCHFacebook,125
0xDB151C,FCHInstagram,126
0xFFFFFF,Como_Uber,127
0xFFFFFF,Turkey_Trendyol,128
0x6406D7,PSG_Yassir,129
0x000000,center_32,130
0x000000,Benfica_HP,131
0xFFFFFF,Austria_4Austria_4,132
0x0F8845,Dynamo4,133
0xF0EFEE,Hertha_WTG,134
0x000000,Ulm_Fussball,135
0x000000,Ulm_Shop,136
0xFFFFFF,Ulm_Husqvarna,137
0x4B84C4,Ulm_Bite,138
0xFFFFFF,Ulm_Heim,139
0xFFFFFF,Ulm_Energie,140
0x5C2E91,PSG2,141
0xFFFFFF,Roma_Auberge,142
0xFFFFFF,Roma_Toyota,143
0xE32A90,Roma_Enel,144
0xED1D30,SaintsTwitter,145
0xED1D30,SaintsFacebok,146
0xFFFFFF,Eintracht6,147
0xE71324,ManU_Snapdragon,148
0xFFD900,BVB_Efootball,149
0x1033ED,Freiburg1,150
0x95C11E,BVB_Rottler,151
0x00462C,FCAugsburg3,152
0xE4194,BVB_Signal,153
0xFFFFFF,BVB_acer,154
0x1F94D2,ManCity_Midea,155
0x008746,FC_Koln1,156
0x02004A,Napoli_MSC,157
0xFFFFFF,FC_Koln3,158
0x000000,Napoli_MatchWorn,159
0x333333,Germany2,160
0xFFFFFF,ToyoTires,161
0xFFFFFF,Freiburg4,162
0xFFFFFF,Henkel,163
0x000000,WatfordWebsite,164
0xDF0D7A,Napoli_Enel,165
0x01A3DC,Napoli_Store,166
0xC2041B,Freiburg7,167
0xFFFFFF,RM_Website,168
0xFFFFFF,Hertha1,169
0x36802A,Rauch,170
0xFFFFFF,Hertha2,171
0x264F36,Ligue1_Mcdonalds,172
0xFF4E02,Ligue1_Point,173
0x000000,Werder_Hummel,174
0xFFFFFF,Werder_TeamNeusta,175
0xFFFFFF,LFC_Google,176
0x121618,Jahn_BTPV,177
0xFFFFFF,HSV_NDB,178
0x051631,Hoffenheim5,179
0x901916,Genoa_Emblem,180
0xFFFFFF,VW,181
0x242C48,Autostadt,182
0xFFFFFF,Linglong,183
0xA81E27,Outlets,184
0xFFFFFF,UPS,185
0x000000,Wolfsburg01,186
0x040707,Ipswich_Umbro,187
0xD24809,Invitational,188
0x21407F,Champions,189
0x7F87BE,EuroInternational,190
0xBA082F,NaAllstars,191
0x002F86,LaAllstars,192
0xCD9325,AsianElite,193
0x09758A,EuroContinental,194
0x034084,AmericanChallenge,195
0x00318C,SaContinental,196
0x1F579E,LcfcMedia,197
0x008C5A,Spain5,198
0xE30A18,LaLiga,199
0x000000,center_1007,200
0x000000,center_349,201
0x000000,center_3005,202
0x294A77,Argentina2,203
0x148BBB,Ipswich_Flex,204
0x333333,Ipswich_Uni,205
0xFFFFFF,Ipswich_Sheeran,206
0x001F7F,Netherlands2,207
0xE8F3F6,WestHam_Femfresh,208
0x000000,PSG3,209
0xFF7B67,Chelsea_Three,210
0x333333,center_21,211
0xE9EBED,Germany3,212
0xFFFFFF,Wolverhampton1,213
0xFDB813,Wolverhampton2,214
0x000000,Wolverhampton3,215
0xFDB813,Wolverhampton4,216
0xFDB813,Wolverhampton5,217
0xFFFFFF,Wolverhampton6,218
0xFDB813,Wolverhampton7,219
0x000000,Wolverhampton8,220
0x9C151B,center_2136,221
0xE11D27,Hoffenheim7,222
0x2E2F2F,GreenFarmCoffee,223
0x000000,Fosters,224
0x00CDBE,Deliveroo,225
0x000000,Mazda,226
0xCE1719,FC_Koln5,227
0xFFFFFF,FC_Koln6,228
0x000000,FC_Union1,229
0x273B84,FC_Union2,230
0xFFFFFF,FC_Union3,231
0xFFFFFF,FC_Union4,232
0x301451,Erzgebirge1,233
0xD6E9F7,Erzgebirge2,234
0x1C7CB3,Erzgebirge3,235
0x000000,Erzgebirge4,236
0x012758,Erzgebirge5,237
0xFFFFFF,Erzgebirge6,238
0xFFFFFF,Erzgebirge7,239
0x55AF33,Erzgebirge8,240
0xFFE500,Jahn1,241
0x183B72,Jahn2,242
0x000000,Jahn3,243
0x436DB3,Jahn4,244
0x56993D,Jahn5,245
0xFFFFFF,FC_Union5,246
0xFFFFFF,GreutherF1,247
0xFFFFFF,GreutherF2,248
0xFFFFFF,VFLO1,249
0xFFFFFF,VFLO2,250
0xFFFFFF,VFLO3,251
0x6D6E71,VFLO4,252
0xFFFFFF,VFLO5,253
0x6D6E71,VFLO6,254
0x000000,VFLO7,255
0x019A32,GreutherF3,256
0xFFFFFF,GreutherF4,257
0xFFFFFF,GreutherF5,258
0xFFFFFF,GreutherF6,259
0xFFFFFF,GreutherF7,260
0xE40613,GreutherF8,261
0x000000,HamburgerSV1,262
0x005A72,VfL2,263
0xFFFFFF,HamburgerSV2,264
0x005BAA,HamburgerSV3,265
0x005BAA,HamburgerSV4,266
0x005BAA,HamburgerSV5,267
0xFFFFFF,Hannover961,268
0x000000,Hannover962,269
0xFFFFFF,HolsteinK1,270
0x6B787E,Hannover964,271
0x6B787E,Hannover965,272
0x97CF2C,Hannover966,273
0xE01E26,JahnR1,274
0xE01E26,JahnR2,275
0xE01E26,JahnR3,276
0x000000,Karlsrusher1,277
0x014B92,KSCNew1,278
0xFFFFFF,Nurnberg1,279
0x000000,Nurnberg2,280
0x000000,Nurnberg3,281
0xF60538,Nurnberg4,282
0x000000,FANtastisch,283
0x7E1D47,AstonKappa,284
0x670E36,AstonAVFC,285
0x660036,AstonStore,286
0x670036,AstonOfficial,287
0x670E36,AstonPOTP,288
0x95BFE5,AstonShop,289
0x670E36,AstonFoundation,290
0x670E36,AstonSupport,291
0xC1102B,Nurnberg5,292
0xC20F2C,Nurnberg6,293
0xC1102B,Nurnberg7,294
0xFE0000,StPauli1,295
0xFFFFFF,StPauli2,296
0xFFFFFF,StPauli3,297
0xFFFFFF,StPauli4,298
0x199A48,StPauli5,299
0x014B92,KSC2,300
0x014B92,KSC3,301
0xFFFFFF,StPauli6,302
0x0D163A,Wehen1,303
0xFFFFFF,StPauli7,304
0x960000,Wehen3,305
0xFFFFFF,Wehen4,306
0x2E5563,Paderborn1,307
0x01619D,Paderborn2,308
0x000000,StPauli8,309
0xFFFFFF,Darmstadt2,310
0x141F36,Darmstadt3,311
0x000000,Darmstadt4,312
0x000000,Stuttgard1,313
0x004E9E,Darmstadt6,314
0x000000,Stuttgard2,315
0x000000,FifaWC,316
0xE31B23,Retail,317
0xFFFFFF,SteelPhalt,318
0xF2EADF,SUFCDirect,319
0x811810,FollowSU,320
0x162159,FeWCCenter,321
0xED1B24,LaLiga2,322
0xFFFFFF,Holstein1,323
0x000000,Stuttgard3,324
0xC12129,Holstein3,325
0xFFFFFF,Holstein4,326
0x000000,Holstein5,327
0x000000,Holstein6,328
0xFFFFFF,Holstein7,329
0x000000,Holstein8,330
0x031835,CONMEBOL_Recopa,331
0x0156A6,Center_Sudamericana,332
0x000000,KELMEB,333
0xFFFFFF,KELMEW,334
0x000000,JuanFutbol,335
0xAE2028,FACup,336
0x792520,FASocial,337
0xFFFFFF,FAFinal,338
0x001E50,Leipzig1,339
0x5E5E5E,Leipzig2,340
0xFFFFFF,Leipzig3,341
0x8F001C,Stuttgard4,342
0xB00122,Stuttgard5,343
0x1E1E1E,Leipzig6,344
0xFFFFFF,Leipzig7,345
0xFFFFFF,Mainz1_1,346
0xFFFFFF,Mainz2_2,347
0xE21F27,Mainz3_3,348
0xC30001,Mainz4_4,349
0xE21F27,Mainz5,350
0x263C81,Mainz6,351
0xFFFFFF,Mainz7,352
0x004B9C,Schalke1,353
0x000000,Schalke2,354
0xFFFFFF,Schalke3,355
0x040000,Werder1,356
0x354346,Werder2,357
0x0063A6,Werder3,358
0xFE0000,Werder4,359
0xAB1810,Werder5,360
0x000000,Werder6,361
0x00158C,Werder7,362
0xFFFFFF,VFLBochum1,363
0x000000,VFLBochum2,364
0xEE0000,VFLBochum3,365
0x003663,VFLBochum4,366
0x003863,VFLBochum5,367
0x003663,VFLBochum6,368
0xFFFFFF,VFLBochum7,369
0xF47920,WehenW1,370
0x231F20,WehenW2,371
0xFFFFFF,WehenW4,372
0xF3F3F2,Sandhausen1,373
0xF3F3F3,Sandhausen2,374
0xF3F3F3,Sandhausen3,375
0xF3F3F3,Sandhausen4,376
0x000000,Sandhausen5,377
0x000000,Sandhausen6,378
0x00A651,Norwich_FollowUs,379
0xFFFFFF,Norwich_Kotkamills,380
0xFFF200,Norwich_Lotus,381
0x005F98,Norwich_TampaBay,382
0x151932,RealMadrid_NIVEA,383
0xF8BD49,DCT,384
0xD9152B,Tezo,385
0x826845,FOSUN,386
0x0055A5,CPFC_Brand,387
0xEE2E24,CPFC_Foundation,388
0xEC3127,CPFC_Palace-App,389
0xF32929,CPFC_Youtube,390
0x073532,CPFC_Roehampton,391
0x503291,Darmstadt_Merck,392
0x231F20,Darmstadt_PEAKnx,393
0xFFFFFF,Heidenheim_Hartmann,394
0x007A01,KSC_GEM,395
0x00995E,DFBPokal_Cup1,396
0x00995E,DFBPokal_Cup2,397
0x071E1E,DFBPokal_Motiv3,398
0x071E1E,DFBPokal_Motiv4,399
0x071E1E,DFBPokal_Motiv4_1,400
0x071E1E,DFBPokal_Motiv5,401
0xFFFFFF,VFLO_JOPA,402
0x231F20,VFLO_Wir-gemeinsam-jetzt,403
0x000000,FCStPauli_Congstar1,404
0x000000,FCStPauli_Congstar2,405
0xFFFFFF,FCStPauli_Congstar3,406
0x199A48,FCStPauli_GeloRevoice,407
0xFFFFFF,FCStPauli_LichtBlick,408
0x000000,FCStPauli_Panasonic,409
0xE2E2E2,FCStPauli_twitch,410
0xFFFFFF,FCStPauli_Weltverbesserer,411
0xD1D6DF,Wolfsburg_1VW,412
0x0000FC,Wolfsburg_2Autostadt,413
0xFFFFFF,Wolfsburg_3Linglong,414
0xD9D5D3,Wolfsburg_5UPS,415
0x000000,Wolfsburg_6Esport,416
0x000000,Wolfsburg_7Shop,417
0x0087AE,RBL_1RedBullZERO,418
0xFFFFFF,RBL_3AEZ,419
0xFFFFFF,RBL_5APP,420
0xDD0741,RBL_7SHOP,421
0x000000,LaLiga_Rexona,422
0x000000,LaLiga_livescore,423
0x00524E,center_83,424
0x26A9E0,MLS_Bodyarmour,425
0x00AB99,PSG_deliveroo,426
0x000040,PSG_Hubside,427
0x1A1A1A,FUT_FE,428
0x000000,Inter,429
0x000000,Inter_BUU,430
0x000000,Inter_PPTV,431
0x000000,Inter_Suning,432
0x262626,Ligue1_regular,433
0xFFFFFF,Ligue1_UHLSport,434
0x00395E,Ligue1_TELEFOOT,435
0x262626,Ligue1_Canal,436
0xFFCC00,Ligue1_LaPoste,437
0x06C167,Ligue1_UberEats,438
0x5d2F8E,Ligue2_beINSPORTS,439
0x000000,Ligue2_BKT,440
0x262626,Ligue2_regular,441
0xFFFFFF,Wurzburger_BVUK,442
0xE41E26,Wurzburger_Flyeralarm,443
0x008AC9,Wurzburger_JAKO,444
0xFFFFFF,Wurzburger_Papst,445
0xE40616,Wurzburger_Shop,446
0xE40616,Wurzburger_Website,447
0x002E5D,AsiaContinentalCup,448
0xFFFFFF,Eintracht1_EinmalLowe,449
0xFFFFFF,Eintracht2_DeutscherMeister,450
0xFBBA00,Eintracht3_TraditionSeit,451
0xFFFFFF,Eintracht4_WirSindEintracht,452
0x262626,TropheeDesChampions,453
0xFFFFFF,Leeds,454
0xFFFFFF,WestBrom,455
0xFFFFFF,Fulham,456
0x12A7DF,Leeds_Astonish,457
0x2A2A28,Leeds_Clipper,458
0xFFFFFF,Leeds_Jd,459
0xE71F60,Leeds_Vitality,460
0x000000,Leeds_Ginetta,461
0x00A293,Leeds_Hisense,462
0x000000,FIFAe,463
0xCD1719,MGMotor,464
0x10F14,Aston_Gaming,465
0x660036,Aston_App,466
0x93BDE4,Aston_LionsClub,467
0x000000,Arminia_Web-White,468
0x000000,Arminia_Sportclub,469
0x000001,Arminia_Fanladen-B,470
0x000000,Arminia-Logo,471
0x000000,Arminia_Fanladen-W,472
0x000000,Arminia_Niemand,473
0x000005,Arminia_Web-Blue,474
0x1E3660,Bochum_URL,475
0x194188,BVB_1and1,476
0xF9FC17,BVB_Opel,477
0xFFFFFF,BVB_Tectake,478
0xFFB000,BVB_United,479
0xE26904,Darmstadt_Entega,480
0x008884,Darmstadt_Loop5,481
0x000000,Eintracht_App,482
0x003399,Eintracht_BSEnergy,483
0x17345E,Eintracht_Hyundai,484
0xFFFFFF,Eintracht_Veolia,485
0x0F2C4E,Eintracht_Wirsind,486
0x1652FF,Elgato,487
0x1652FF,FCStPauli_Elgato,488
0x2B2A25,FCStPauli_Booster,489
0xFFFFFF,FCStPauli_DIIY,490
0xFFFFFF,FCStPauli_Fritzkola,491
0x301451,Erzgebirge_Kump,492
0xFE0000,Erzgebirge_sparkasse,493
0xD70E16,FCA_esports,494
0x43AD33,FCA_Grunbeck,495
0xFFFFFF,FCA_Shop,496
0x4F7381,Leverkusen_Finanzamt,497
0x2A3A6E,Leverkusen_beCordial,498
0x141011,Fortuna_11TS,499
0xEB1E25,Fortuna_95,500
0xFF5700,Fortuna_Xiaomi,501
0xFFFFFF,Greuther_Bruder,502
0x000000,Greuther_Onlineprinters,503
0xFFFFFF,Greuther_Wild,504
0xE20674,Hamburger_Telekom,505
0xFF9900,Hannover_Continental,506
0x1F2D82,FCH_MHP,507
0x383C3F,Hertha_Edeka,508
0x1C3553,Hertha_Homeday,509
0xE7E7E7,Hertha_URL,510
0x000000,Nike_football,511
0xFFFFFF,Jahn_Pindl,512
0xE3000F,Jahn_TV,513
0xE5017D,Mainz_Koblenz,514
0x003F4F,Mainz_Entega,515
0xE40422,Mainz_Mewa,516
0xFFFFFF,Nurnberg_Bisping,517
0x093E52,Nurnberg_Exasol,518
0xE41716,Nurnberg_Sparkasse,519
0x170205,Nurnberg_Twitter,520
0xFFFFFF,Nurnberg_Unserclub,521
0x191919,Paderborn_esports,522
0xFFFFFF,Paderborn_Golf,523
0x231F20,Paderborn_Mit,524
0x010101,Paderborn_Unilab,525
0x231F20,Paderborn_Wir,526
0xDD0741,RBLZ_Gaming,527
0xFCFCFC,RBL_URL,528
0x001E50,RBL_Volkswagen,529
0xFF8587,Austria_3Austria_3,530
0xFFFFFF,Sandhausen_Finanzhaus,531
0xFFFFFF,Sandhausen_Layenberger,532
0x20343D,Sandhausen_Leicht,533
0xCD071E,Sandhausen_Rewe,534
0xC30126,Stuttgart_Furchtlos,535
0x000000,Stuttgart_Mercedes,536
0x244740,Stuttgart_Metabo,537
0x01B5D3,Werder_Collonill,538
0x1C7648,Werder_Shop,539
0x000000,Werder_Umbro,540
0x000000,Wolfsburg_Campus,541
0xFFFFFF,Wolfsburg_Stolting,542
0xFFFFFF,Freiburg_BGV,543
0xFFFFFF,Freiburg_Hilzinger,544
0x000000,Freiburg_Teamsports,545
0xFFFFFF,Hoffenheim_Prezero,546
0x31529C,Hoffenheim_SNP,547
0X051631,Hoffenheim_Twitch,548
0x051631,Hoffenheim_esports,549
0xB12711,AScom,550
0xFFC939,Lance,551
0xEB1D47,Netherlands3,552
0x000000,Macron,553
0xFFFFFF,KSC_BGV,554
0x447882,KSC_EGO,555
0xFFFFFF,KSC_EnBW,556
0x014B92,KSC_Fanshop,557
0xB0332C,Koln_Rewe,558
0xE20674,Koln_Telekom,559
0x271E1F,Koln_UPS,560
0xFFFFFF,Koln_DBS,561
0x000000,Koln_Grillfurst,562
0x000000,Dresden_INKL,563
0x050707,Umbro_DE,564
0x76AD48,Dresden_AOK,565
0xDB3318,Dresden_Sparkasse,566
0x370703,Dresden_TAG,567
0x000000,BolaVIP,568
0x000000,center_226,569
0xFFFFFF,CONMEBOL_Bridgestone,570
0x004681,Libertadores_Ford,571
0x001ba9,Sudamericana_PayRetailers,572
0x602344,Burnley_Scout,573
0xFFFFFF,Burnley_Barnfield,574
0x5F0041,Burnley_Website,575
0x491939,Burnley_Clarets,576
0x000000,Burnley_HRP,577
0x5F0041,Burnley_Twitch,578
0x01A9CE,Leeds_TransUnion,579
0xE20074,Borussia_Telekom,580
0x161616,Borussia_eSports,581
0x151515,Borussia_Follow,582
0x27348B,Borussia_Sonepar,583
0xFFFFFF,Borussia_Santander,584
0xFFFFFF,Hansa_Apex,585
0xC13930,Hansa_Kurzurlaub,586
0xFFFFFF,Hansa_Konsum,587
0xF6E84B,Hansa_Getrankeland,588
0xFFFFFF,Hansa_Sparkasse,589
0x4A658F,Hansa_SoftClean,590
0x000000,Hansa_Nike,591
0x4573BB,Hansa_Rostock,592
0xDB3321,Ingolstadt_FCI04,593
0x000000,Ingolstadt_Schanzer,594
0xFFFFFF,Ingolstadt_Geber,595
0xDB3321,Ingolstadt_Website,596
0x000000,Ingolstadt_eSports,597
0xFFFFFF,Ingolstadt_Audi,598
0xFFFFFF,Ingolstadt_Prosis,599
0x000000,Ingolstadt_Puma,600
0x501E96,Union_Wefox,601
0xFFFFFF,Union_Ruder,602
0xFFFFFF,Union_Total,603
0xFFFFFF,Union_Gustav,604
0xFFFFFF,Union_4Talent,605
0xBD3535,Union_Elten,606
0xFFFFFF,Watford_KelmeW,607
0x010000,Watford_Website,608
0x010000,Watford_KelmeB,609
0xF0CF43,LCFC_DHL,610
0xFFFFFF,LCFC_University,611
0x24386F,LCFC_Landsail,612
0xC9375E,LCFC_Vitality,613
0x4F7AA5,FCPorto_Name,614
0x3C6DA7,FCPorto_Social,615
0xED1B24,Benfica_Website,616
0xFFFFFF,Benfica_Social,617
0x000000,Benfica_App,618
0x000000,Benfica_NOS,619
0x000000,RealMadrid_Audi,620
0x59257C,Brentford_Utilita,621
0xB12B1C,Brentford_COYB,622
0x202F52,Brentford_Dormeo,623
0xAD2B1D,Brentford_Beetogether,624
0xAD2B1D,Brentford_OutTime,625
0xFFFFFF,Brentford_Safety,626
0x32539F,Brentford_UWL,627
0x353A40,Brentford_Pensionbee,628
0x4260F2,ManCity_Tecno_Static,629
0xFFFFFF,Norwich_Boswell,630
0xF9F34F,Norwich_Lotus,631
0x000000,Norwich_Regency,632
0x223D5B,Norwich_Fosters,633
0x000000,Norwich_Bidstack,634
0x201C1D,LaLiga_Microsoft,635
0x000000,Inter_Milano,636
0x233C75,BMW,637
0xFFFFFF,Milan_respACT,638
0x32596E,PSG_VisitQatar,639
0x262626,center_451,640
0x000000,Newcastle_Castore,641
0x000000,Newcastle_BNS,642
0x000000,Newcastle_Welcome,643
0x000000,Newcastle_UAO,644
0x000000,Newcastle_TV,645
0x000000,Newcastle_Future,646
0xFFFFFF,Schalke_Stolting,647
0xFFFFFF,Schalke_Harfid,648
0x3C64AE,Schalke_Bank,649
0x000000,Schalke_Hulsta,650
0xFFFFFF,Schalke_Polygon,651
0x902D26,Werder_Zillertal,652
0xEBBC41,Wolves_Social,653
0x000000,Wolves_App,654
0x00B844,Ligue1_Hollywood,655
0xFFFFFF,Ligue1_Amazon,656
0x0B1E40,Ligue1Barrages,657
0xFBE802,BVB_Fanshop,658
0x1F3462,Leeds_Boost,659
0x0F3F48,CONMEBOL_Rexona,660
0xFFCC00,CONMEBOL_DHL,661
0x000000,Koln_Stahlwerk,662
0xFE0000,Koln_Sparkasse,663
0x000000,Koln_ASUS,664
0x000000,Union_ComedyCen,665
0xFFFFFF,Union_Konsum,666
0xFFFFFF,Union_WGSystems,667
0xFFFFFF,Leverkusen_Canesten,668
0xFFFFFF,Leverkusen_Accure,669
0xEE312E,Leverkusen_eSports,670
0xEC671A,BVB_Loreal,671
0xFFFFFF,Borussia_DieFohlen,672
0xFFFFFF,Borussia_Rassimus,673
0xE40613,Augsburg_Segmuller,674
0xEF4138,Augsburg_Hama,675
0xBED3C4,Freiburg_Cazoo,676
0x101010,Hertha_Backforce,677
0xF37224,Hertha_Autohero,678
0x00386C,Hoffenheim_Lidl,679
0x00358E,Hoffenheim_Union,680
0xFFFFFF,Hoffenheim_Volksbank,681
0xABC2BB,Mainz_CBS,682
0xFFFFFF,Mainz_TST,683
0x24283E,RBL_AEZ,684
0x000000,RBL_Veganz,685
0xDD0741,RBL_App,686
0x008AC9,Stuttgart_Jako,687
0xFFFFFF,Stuttgart_EgeTrans,688
0xFFFFFF,Stuttgart_SWR,689
0x814922,Stuttgart_Brainhouse,690
0x003986,VFL_Mizuno,691
0x000007,VFL_Hotel,692
0x003663,VFL_TV,693
0xD5B076,Schalke_Vivawest,694
0x010101,Schalke_Adidas,695
0x000000,Schalke_GGM,696
0xFFFFFF,Schalek_RV,697
0x901523,Nurnberg_Fanshop,698
0xFFFFFF,Hamburger_Buxtrade,699
0xFFFFFF,HamburgerS_MietdeinAuto,700
0x005BAA,Hamburger_YoungOnes,701
0x8463CC,Hannover_Brainhouse,702
0x0085B0,Hannover_Xylem,703
0x18283C,Holstein_DIERCK,704
0xFFDE00,Sandhausen_1337,705
0xFFFFFF,Sandhausen_Volksbank,706
0x72987E,Sandhausen_Achat,707
0xFFFFFF,Paderborn_Fujitsu,708
0xFFFFFF,Paderborn_Bremer,709
0x0E2234,Paderborn_HomeDeluxe,710
0x0065B1,KSC_Bank,711
0xC00A27,FCStPauli_Levis,712
0x7BA0C4,FCStPauli_FollowFood,713
0x0060AA,Magdeburg_Einmallmmer,714
0x006AB6,Magdeburg_KidsClub,715
0x00187A,Magdeburg_App,716
0x0060AA,Magdeburg_Mitglied,717
0x000000,Magdeburg_Jobs,718
0xFFFFFF,Magdeburg_Wobau,719
0x01CDD8,Magdeburg_SWM,720
0x154F75,Magdeburg_Humanas,721
0x000000,FIFASound,722
0x283B80,Eintracht_Borse,723
0x1D1D1B,Eintracht_Mainpay,724
0x000000,Wolfsburg_Morgen,725
0xCCD858,Werder_Brainhouse,726
0xFFFFFF,Werder_Hansa,727
0xFFFFFF,Werder_GreenLegend,728
0x003399,Braunschweig_BSEnergy,729
0x010101,Braunschweig_NewYorker,730
0xEF383E,Jahn_Wolf,731
0x153D8A,Greuther_Franken,732
0x000000,Aston_Castore,733
0x000000,BolaVIP_Bra,734
0x000000,90Min,735
0xFFFFFF,Leverkusen_Scalpers,736
0x000000,Newcastle_Foundation,737
0x1A1659,SerieA_League,738
0x0033A1,SerieA_TIM,739
0xCD1627,SerieA_Frecciarossa,740
0xD7B161,SerieA_Panini,741
0x000000,SerieA_beIT,742
0x1D1D1B,Italy_Macron,743
0x000000,Cremonese_Iltainox,744
0x1B2D55,Cremonese_Arinox,745
0xFFFFFF,Cremonese_Acciaieria,746
0xFFFFFF,Cremonese_Arvedi,747
0xFFF200,Cremonese_Acerbis,748
0xFFFFFF,Juventus_Jeep,749
0xFFFFFF,Udinese_Dacia,750
0x0F0FAA,Udinese_Bluenergy,751
0xBFD2C4,Bologna_Cazoo,752
0x8B2638,Bologna_Store,753
0xFFFFFF,Hellas_eSports,754
0x1A418D,Fiorentina_Mediacom,755
0x5A358C,Fiorentina_Kappa,756
0x59318C,Fiorentina_Name,757
0x086FB7,Sassuolo_Mapei,758
0x06A06,Sassuolo_Generazione,759
0x1D1D1B,Sassuolo_Puma,760
0x000000,Sassuolo_Store,761
0x172E3D,Sassuolo_MGS,762
0x671907,Salernitana_Zeus,763
0x671907,Salernitana_MacteAnimo,764
0x671907,Salernitana_Name,765
0x671907,Salernitana_FinoAlla,766
0xFFFFFF,Spezia_Disretti,767
0xFFFFFF,Spezia_Recrowd,768
0x000000,Spezia_App,769
0xFFFFFF,Ligue1_Kipsta,770
0x392B25,WSL_League,771
0x2BAAE2,WSL_Barclays,772
0x392B25,WSL_Social,773
0x53BF9D,D1F_Arkema_1,774
0x292B5E,D1F_Arkema_2,775
0xFFFFFF,D1F_Arkema_3,776
0x191919,Hansa_28BlackZero,777
0xFFFFFF,Hansa_Autowelt,778
0xFFFFFF,Hansa_Camion,779
0x10012E,Netherlands4,780
0xB93228,Milan_Emirates,781
0x000000,Milan_Puma,782
0xFFFFFF,Milan_Wefox,783
0xFFFFFF,Ligue2_Kipsta,784
0xFFFFFF,Sandhausen_Golz,785
0x1D125D,center_211,786
0xFFFFFF,QatarEnergy,787
0x053c66,FCPorto_Website,788
0x053c67,FCPorto_Club,789
0x000000,PSG_GOAT,790
0xFFFFFF,center_2218,791
0x000000,Spain-ePower,792
0xFFFFFF,Sampdoria_IBSA,793
0xFFFFFF,Sampdoria_Point,794
0x1D3660,Lecce_Club,795
0xFFFFFF,Empoli_SaintGobain,796
0x085696,Empoli_Contrador,797
0x1981B0,Empoli_Pediatricia,798
0x042C4B,Empoli_Kappa,799
0x15284C,Empoli_ComputerGross,800
0xEB0023,Forest_TVRed,801
0xFFFFFF,Forest_Social,802
0xEB0023,Forest_Follow,803
0xFFFFFF,Forest_Shop,804
0xEB0023,Forest_Tiktok,805
0xFFFFFF,Forest_TVWhite,806
0xEB0023,Forest_Megastore,807
0x000000,Hertha_HWP,808
0xFFFFFF,Torino_Suzuki,809
0xFFFFFF,Torino_Joma,810
0xF4EA4C,Torino_Edilizi,811
0xE6021C,Bournemouth_Vitality,812
0xDD1E25,Bournemouth_AFCBcouk,813
0x030708,Bournemouth_AFCBtv,814
0xDD1E25,Bournemouth_Community,815
0x000002,Bournemouth_Together,816
0xF50001,Bournemouth_JuniorCherries,817
0xDD1E25,Bournemouth_Superstore,818
0xFFFFFF,Bournemouth_MSP,819
0xFFFFFF,DFB_Targobank,820
0xFFFFFF,DFB_Vielfalt,821
0xFFFFFF,DFB_ERGO,822
0xFFFFFF,center_56,823
0xFFFFFF,Kaiserslautern_Crest,824
0x0095D0,RM_BMW,825
0xFFFFFF,RM_Hankook,826
0xe4042f,Monza_Motorola,827
0x004dce,Brentford_BlueJeans,828
0x95d700,Brentford_Gtech,829
0x0055A5,CPFC_Memberships,830
0xA60D62,CPFC_Utilita,831
0x00FECD,Austria_1,832
0x00E6DD,Austria_2,833
0x00D1EB,Austria_3,834
0x00BDF9,Austria_4,835
0x00347A,Wolves_RoyalCaribbean,836
0x222222,Wolves_Memberships1,837
0xFBB800,Wolves_Foundation1,838
0x531b8a,ManU_DXC,839
0x8b2137,center_1990,840
0x8b2137,center_1991,841
0x334FE0,Vivo_WC,842
0x00AAA6,Hisense_WC,843
0xDC0109,McDonalds_WC,844
0x000000,Kia_WC,845
0x002C5F,Hyundai_WC,846
0x404040,RSL_1,847
0x404040,RSL_2,848
0x404040,RSL_3,849
0x103174,RSL_4,850
0x1D3362,NWSL_League,851
0xED1C24,Adobe_NWSL,852
0x0D3B84,euronics,853
0x000006,Hublot,854
0x141450,WePlayStrong,855
0x044FA2,center_227,856
0x21232B,Globant_WC23,857
0xFF6414,center_2140,858
0x151616,FCYearAgnostic,859
0x000000,Koln_Xperion,860
0xFF0000,Koln_Socials,861
0x0064FF,Union_Paramount,862
0xEB1923,Union_Eisern,863
0xFFB000,BVB_Allgemein,864
0xFFFFFF,Borussia_Absolute,865
0x001C40,Eintracht_Indeed,866
0x272D2E,Eintracht_DWS,867
0x812990,Eintracht_Nexen,868
0x1D1D1B,Eintracht_bo1,869
0x080808,Augsburg_Mizuno,870
0x00462C,FCA_Homepage,871
0x2B373D,Freiburg_Jobrad,872
0xFF0F15,Freiburg_Lexware,873
0x13D7FE,Hertha_Tiktok,874
0x000000,Hertha_Agon,875
0xDD0741,RBL_BullisBande,876
0xDD0741,RBL_YCDA,877
0xFFFFFF,RBL_BullisBandeApp,878
0xFFFFFF,Schalke_S04,879
0xFFFFFF,Werder_Matthai,880
0x017743,Werder_Club,881
0xFFFFFF,Werder_Jacobi,882
0x533430,Bologna_Selenella,883
0xFFFFFF,Bologna_Lavoropiu,884
0xC32B35,Bologna_StoreRed,885
0x007A60,Frosinone_Banca,886
0x081239,Frosinone_Zeus,887
0x000000,Juventus_name,888
0xE50730,Monza_Club,889
0xFDC543,Udinese_PrestiPay,890
0xFFFFFF,Udinese_Dinamica,891
0xFFFFFF,Udinese_eSports,892
0x000000,Wolves_Records,893
0xFFFFFF,center_2215,894
0xDB151C,FCH_Tiktok,895
0xDB151C,FCH_Twitter,896
0xFF0000,Kaiserslautern_Shop,897
0xFFFFFF,Kaiserslautern_Allgauer,898
0x000000,Kaiserslautern_Teamsport,899
0x006EB3,Braunschweig_WIS,900
0xFFFFFF,Braunschweig_Kosatec,901
0xFFFFFF,Braunschweig_EIV,902
0x000000,FCStPauli_Socials,903
0x000000,FCSP_Shop,904
0x000000,FCStPauli_Twitch,905
0x672782,Hannover_IAA,906
0xFFFFFF,Hannover_List,907
0x014B92,KSC_Phironix,908
0x3A6378,KSC_Grenke,909
0x5E5B5A,KSC_Edeka,910
0xE5E5E5,Furth_Website,911
0xE4E4E4,Furth_Shop,912
0xFFFFFF,Furth_Sivantos,913
0xE5E5E5,Furth_Social,914
0x1C1C1C,Wolfsburg_28Black,915
0x000000,Hansa_Mizuno,916
0xFFFFFF,Hansa_Apex,917
0xFFFFFF,Hansa_Autowelt,918
0xFFFFFF,Aston_WomenSocial,919
0x480024,Aston_Tickets,920
0xE5E5E5,ManU_Direct,921
0xDA0017,Tottenham_HSBC,922
0xFFFFFF,frauen_dieliga,923
0xFFFFFF,frauen_finde,924
0xFFFFFF,frauen_fussball_die,925
0xFFFFFF,frauen_kleinere_tore,926
0xFFFFFF,frauen_schnapp,927
0xFFFFFF,frauen_tickets,928
0x6B4ABF,Bristol_Huboo,929
0x05A7E1,Bristol_DNRG,930
0x000000,Bristol_ONeills,931
0xFFFFFF,Leverkusen_ODYS,932
0x00A18C,Leverkusen_Aspirin,933
0xFFFFFF,Leverkusen_Datewash,934
0x051631,Hoffenheim_Slogan,935
0xFFFFFF,Paderborn_KFK,936
0x191919,Paderborn_Social,937
0x1B1E21,Paderborn_Pfauenstadt,938
0xFFFFFF,Stuttgart_Shop,939
0x191919,Stuttgart_Trickkiste,940
0xE5E5E5,Stuttgart_Fairplay,941
0xFFFFFF,Stuttgart_Akademie,942
0x000000,Magdeburg_Hummel,943
0xE6E6E6,Magdeburg_Karlowsky,944
0xFFFFFF,Osnabruck_Fanshop,945
0xFFFFFF,Osnabruck_Bremer,946
0xFFFFFF,Osnabruck_BTYH,947
0xFFFFFF,Osnabruck_Domain,948
0x272227,Osnabruck_SOTech,949
0xFAFCFD,Osnabruck_Jopa,950
0xFFFFFF,Osnabruck_1899,951
0xFFFFFF,Osnabruck_TV,952
0x3B9FB2,Elversberg_Hylo,953
0xFFFFFF,Elversberg_Flyeralarm,954
0x34258E,Elversberg_PureSteel,955
0x060606,Elversberg_DieElv,956
0x00569C,Wehen_Brita,957
0x000000,Wehen_Capelli,958
0xFFFFFF,Wehen_ESWE,959
0x537775,Wehen_Lauer,960
0x78C7CA,Wehen_QuickPaid,961
0x2F1BE7,Wehen_Adapteo,962
0x000000,Wehen_VomHalberg,963
0x000000,Wehen_26erClub,964
0x000000,Wolves_Astropay,965
0xFFFFFF,CPFC_Cinch,966
0x30F3FF,CPFC_TV,967
0x8F2138,WestHam_Retail,968
0x2A2F7D,WestHam_ZOSkin,969
0x000000,WestHam_Supplement,970
0x031D44,WestHam_Solicitors,971
0x032D5F,SerieA_MiI,972
0x1A1A17,SerieA_Puma,973
0x000000,Genoa_Kappa,974
0x00263D,Genoa_Club,975
0x901916,Genoa_Social,976
0x901916,Genoa_Store,977
0xFFFFFF,Genoa_LeasePlan,978
0x016CE3,SerieA_Fantacalcio,979
0xFFFFFF,Fiorentina_ESTRA,980
0x0D00A7,Hellas_Joma,981
0xFFFFFF,Hellas_Sinergy,982
0xFFFFFF,Hellas_Vetrocar,983
0xFFFFFF,Hellas_Bakeca,984
0x7B1C20,Torino_Club,985
0xFFFFFF,Torino_JDSports,986
0xFFFFFF,Ligue1_Oris,987
0x000000,International_Cup_990,988
0xE68C00,Ajax_Ziggo,989
0x191919,Ajax_JBL,990
0xED1C24,Ajax_MediaMarkt,991
0xA3001F,Ajax_Tours,992
0xA3001F,Ajax_eSports,993
0xFFFFFF,FCPorto_Imortais,994
0xFFFFFF,FCPorto_Shop,995
0xED1B24,Benfica_Teleperformance,996
0xFFFFFF,HSV_HanseMerkur,997
0xFFB600,HSV_Reyher,998
0xFFFFFF,HSV_Hareico,999
0xFFFFFF,HSV_SpardaBank,1000
0x144B8B,HSV_Advergy,1001
0x7B0000,Brentford_HOWL,1002
0xFFFFFF,Luton_Utilita,1003
0xFFFFFF,Luton_Switchshop,1004
0xFFFFFF,Luton_TengTools,1005
0xFFFFFF,Luton_Toureen,1006
0xFFFFFF,Luton_StarPlatforms,1007
0xFFFFFF,Luton_Ryebrdge,1008
0xFFFFFF,Luton_MuscleSqad,1009
0xFF9C00,ManCity_Joie,1010
0x671907,Salernitana_Avanti,1011
0xFFFFFF,Cagliari_Isola,1012
0xAF3734,Cagliari_Fondazione,1013
0xFFFFFF,Cagliari_SanGiorgio,1014
0x222220,Cagliari_Pascucci,1015
0x79207B,Cagliari_Tirso,1016
0x047DBA,center_2222,1017
0x0033A0,LigaF_SolanCabras,1018
0xFFFFFF,LigaF_Panini,1019
0xFFFFFF,LigaF_GSK,1020
0x181831,Netherlands5,1021
0x1D1D1D,Burnley_Vertu,1022
0xFF8800,Burnley_Emma,1023
0xDA414B,center_2216,1024
0xEB4D4A,center_53,1025
0x44BDC8,center_54,1026
0x1D2139,RM_Nivea,1027
0x25256B,RM_Abbott,1028
0x0033A0,Solan,1029
0x8564CD,Werder_nobeta,1030
0xFFFFFF,frauen_GooglePixel,1031
0xE40613,SheffU_Club,1032
0x000000,Errea,1033
0xF4F4F4,SheffU_Socials,1034
0x4D2772,Yelo,1035
0xE40613,SheffU_Shop,1036
0xFFFFFF,Torino_Berretta,1037
0x000000,FUT_NewSponsor4,1038
0x000000,FUT_NewSponsor5,1039
0x000000,LaLiga_Nissan,1040
0x1F614C,Union_Elaris,1041
0xFFFFFF,MHPArena,1042
0x0F2145,RM_Madridistas,1043
0x0C2741,NWSL_Carmax,1044
0xFFFFFF,RM_HP,1045
0x1777FF,Euro_alipay,1046
0x069292,Euro_hisense,1047
0x233d91,Euro_booking,1048
0x0050a9,Euro_Lidl,1049
0x0b1e90,Euro_vivo,1050
0x143CDB,center_1980,1051
0x000000,CGE_Esports_WC,1052
0x00B6FF,Magdeburg_Intel,1053
0x000000,Magdeburg_avnet,1054
0x00187A,Magdeburg_social,1055
0x0E5BAD,Magdeburg_ost,1056
0x00187A,Magdeburg_fanshop,1057
0x00935D,Magdeburg_osa,1058
0x00187A,Magdeburg_tickets,1059
0x000662,Braunschweig_Oeffentliche,1060
0xFF9900,Braunschweig_social,1061
0x020606,Suresecure,1062
0x050505,Kyocera,1063
0x000207,Augsburg_Urage,1064
0x0014FF,Mainz_schott,1065
0x004077,Hoffenheim_125jahre,1066
0x121214,Leverkusen_Xperion,1067
0xFFFFFF,Bepanthen,1068
0x004990,Werder_Vilsa,1069
0xA61E22,Werder_Zillertal,1070
0x000000,Wolfsburg_Wirfurmorgen,1071
0xFFFFFF,Furth_Fussball,1072
0xFFFFFF,HSV_Wellensteyn,1073
0x000000,HSV_Buxtrade,1074
0x408335,HSV_Bahn,1075
0x023F82,Schalke_ELL,1076
0xEB014A,Schalke_hrs,1077
0x01071D,Schalke_stehtauf,1078
0xFFFFFF,Hertha_Mobil,1079
0xFFFFFF,Hertha_Kaufda,1080
0x000000,Hertha_bamz,1081
0x64C2A7,Holstein_flow,1082
0xFFFFFF,Paderborn_Hedersoft,1083
0x13A84C,Paderborn_LVM,1084
0xFFFFFF,Paderborn_Senne,1085
0xE21C3F,Paderborn_rls,1086
0xA90001,FCH_Website,1087
0xB60001,FCH_Youtube,1088
0xFFFFFF,Stuttgart_ArenaTouren,1089
0x214456,RBL_IHG,1090
0x000000,Eintracht_Branding,1091
0xFFFFFF,Eintracht_elotrans,1092
0x00866C,Fortuna_HPE,1093
0x0F75BB,Fortuna_Yayla,1094
0x0082C8,Fortuna_SR,1095
0xB7E1F7,Hannover_htp,1096
0xFFE500,Jahn_Netto,1097
0x000AE6,Jahn_Radlinger,1098
0x000000,Jahn_Hummel,1099
0x26367E,Jahn_Donau,1100
0xE3000F,Jahn_Mia,1101
0x00569B,KSC_Wahl,1102
0xFF0000,Kaiserslautern_Club,1103
0x000616,Darmstadt_Haix,1104
0xFCFCFC,Darmstadt_suzuki,1105
0xFCFCFC,Darmstadt_software,1106
0xC81E3C,Darmstadt_peak,1107
0x025AB0,Darmstadt_Die,1108
0xFFFFFF,frauen_Tickets,1109
0x5E0EFA,Bournemouth_LasVegas,1110
0xFFFFFF,Bournemouth_Possible,1111
0x004751,Bournemouth_Eset,1112
0xFFFFFF,Bournemouth_Asset,1113
0x030404,Bournemouth_Leos,1114
0xFCB800,Aston_JDsports,1115
0xFFFFFF,Parma_Prometeon,1116
0x1A1A18,Parma_Puma,1117
0x00446C,Parma_Inx,1118
0x0C4458,Parma_Ebury,1119
0x135634,Parma_Viva,1120
0xFFFFFF,SerieA_enilive,1121
0x0E4383,SerieA_Philadelphia,1122
0x2E6BE6,SerieA_Fanta,1123
0x173D69,Udinese_Losono,1124
0xFF35FF,Udinese_Blueenergy_transparent,1125
0x000000,Wolves_sudu,1126
0x000000,Wolves_App2,1127
0x000000,Wolves_App3,1128
0xD20725,DFB_Flyeralarm,1129
0xFFFFFF,DFB_Berlin,1130
0x000000,UEFA_Hankook,1131
0x11004B,UEFA_Laufenn,1132
0x008DC1,UM_Barclays_FC25,1133
0x42464F,PSG_Snipes,1134
0x5865F2,FC_Discord,1135
0xFFFFFF,UEFA_Flixbus,1136
0x000000,MLS_League,1137
0x000000,MLS_Audi,1138
0xD81E05,Conmebol_Mapfre,1139
0xFFFFFF,Conmebol_Midea,1140
0x004566,Conmebol_UenoBank,1141
0x003D77,ConmebolDotCom,1142
0x031835,Conmebol_Sudamericana,1143
0x003D77,Conmebol_Conquista,1144
0x000000,FCH_Zeiss,1145
0x000000,FCH_Puma,1146
0x4F3B8F,Union_Home,1147
0x000000,Leverkusen_NB,1148
0x00ACE9,Leverkusen_Niedax,1149
0x000000,Bayern_Audi,1150
0x1C1C1C,Bayern_Store,1151
0x1C1C1C,Bayern_TV,1152
0xED0037,Bayern_App,1153
0xED0037,Bayern_Social,1154
0xED0037,Bayern_Website,1155
0xFFFFFF,Bayern_RAR,1156
0x000000,BVB_Voll,1157
0xE9E8E8,BVB_Segway,1158
0xFFFFFF,Borussia_Kamps,1159
0x000000,Borussia_Reuter,1160
0xC7AA2E,Eintracht_DVAG,1161
0x005496,Freiburg_Ernst,1162
0x1496D5,Hoffenheim_Hoffi,1163
0x051631,Hoffenheim_Youngsters,1164
0xF79237,Holstein_Sonne,1165
0xE30613,Mainz_Shop,1166
0xE30613,Mainz_Jetzt,1167
0xF8DF33,RBL_Rauch,1168
0xFFFFFF,Werder_Jacobi,1169
0x000000,Werder_Ledvance,1170
0xDC2C39,Werder_Rinti,1171
0xFFFFFF,Wolfsburg_Brawo,1172
0x000000,Arsenal_Sobha,1173
0x013C98,Hertha_esports,1174
0x753BBD,Hertha_Hotels,1175
0xFFCC00,Hertha_Mcfit,1176
0x000000,Hertha_Corsair,1177
0xFF0000,Kaiserslautern_Betz,1178
0x003799,Magdeburg_Stork,1179
0x0058B8,Magdeburg_FCM,1180
0xFFFFFF,Braunschweig_Brawo,1181
0xFFDB07,Braunschweig_Tradition,1182
0x007AC1,Nurnberg_Helmsauer,1183
0xFFFFFF,Nurnberg_Jeep,1184
0xFFFFFF,Nurnberg_Kummich,1185
0xFFFFFF,Fortuna_Allez,1186
0xE60000,Fortuna_Vodafone,1187
0x0571B9,Fortuna_UKD,1188
0x14315B,Hannover_Heise,1189
0x074A63,Hannover_aptum,1190
0x014B92,KSC_Mitglied,1191
0xFFFFFF,Paderborn_Benteler,1192
0xFFFFFF,Paderborn_Scale,1193
0x000000,Paderborn_Social,1194
0x004E9E,Darmstadt_shop,1195
0x004E9E,Darmstadt_Tickets,1196
0x004E9E,Darmstadt_eFootball,1197
0xFFFFFF,Darmstadt_Bauer,1198
0xFFFFFF,Furth_Airport,1199
0xFFFFFF,Furth_Plasma,1200
0x21B09E,EFL_Vertu,1201
0x094EFF,UT_Alipay,1202
0x0073E6,UT_Atos,1203
0x00637C,UT_VisitQatar,1204
0xAE0F0A,Mainz_Mainza,1205
0x000000,AdidasDotCom,1206
0x00009D,Everton_Blue,1207
0x231F20,Everton_Fanatics,1208
0x01002A,Everton_Stadium,1209
0x004E98,CPFC_ComAve,1210
0x0055A5,CPFC_Shop,1211
0x121841,Benfica_Repsol,1212
0xFDFDFD,FCPorto_Slogan,1213
0x101E34,FCPorto_Club,1214
0xE30613,Dynamo_Sparkasse,1215
0x1D1D1B,Dynamo_All,1216
0x008BCB,Dynamo_Jako,1217
0xFFFFFF,Dynamo_ife,1218
0x1A3C77,Dynamo_WT,1219
0X000000,Dynamo_Instagram,1220
0xFFFFFF,Stuttgart_Social,1221
0xFFFFFF,Stuttgart_VFB,1222
0x000000,Puma_2025,1223
0x000000,Ajax_Team,1224
0x2B2B2B,Juventus_VisitDetroit,1225
0xFFFFFF,Hellas_VeronaFC,1226
0xFFD100,Hellas_Store,1227
0x000000,Hellas_Foundation,1228
0x000000,Sassuolo_Puma,1229
0xFFFFFF,Cagliari_Food,1230
0xCCCCCC,Cagliari_Alarm,1231
0xFFFFFF,Bologna_Saputo,1232
0x006EB3,Udinese_Banca,1233
0xFFFFFF,Parma_Credit,1234
0x000000,Parma_Monster,1235
0x253778,Parma_eSports,1236
0x0F1E35,Fiorentina_Lamioni,1237
0xEAE6ED,Bundesliga_League,1238
0xEAE6ED,Bundesliga2_League,1239
0x092043,DFB_Freenet,1240
0xF75934,WestHam_Modibodi,1241
0x8F2138,WestHam_Social,1242
0xFFFFFF,Tottenham_Drip,1243
0x000000,ManCity_Revolut,1244
0x00B0C7,London_Tiktok,1245
0x2A2E42,London_Instagram,1246
0x00B0C7,London_Visit,1247
0xDC0814,Sunderland_Hummel,1248
0xFFFFFF,Sunderland_Store,1249
0xDC0814,Sunderland_Socials,1250
0xE20A13,BVB_Vodafone,1251
0xFFFFFF,SerieA_iliad,1252
0xFFFFFF,Pisa_SportingWhite,1253
0x000000,Pisa_BlackandBlue,1254
0x000000,Pisa_BlueandBlack,1255
0xFFFFFF,Pisa_Dalla,1256
0x000000,Pisa_SportingBlack,1257
0x000000,Roma_JDSports,1258
0xDA3940,Tottenham_VPN,1259
0xD9ED43,Burnley_Detroit,1260
0x5F0041,Burnley_Website2,1261
0xAABFFF,Burnley_Chatbooks,1262
0x1E2EB8,Wolfsburg_Mobileye,1263
0x047DBA,LigaF_Moeve,1264
0x000000,RM_Orange,1265
0x0042C3,Ligue1_essilor,1266
0xE30521,OL_Kleber,1267
0xFFFFFF,OL_Data,1268
0xE5202E,OL_Lyonnes,1269
0x051496,Chelsea_CFC,1270
0xFFFFFF,Pisa_Whitecrest,1271
0xFFFFFF,Roma_HDI,1272
0x2037EB,Roma_Tim,1273
0xE31B23,LFC_Foundation,1274
0x1D8E91,OL_Credit,1275
0xB60020,Bournemouth_Comave,1276
