name,nameid
Platret,44000
Wasbauer,44001
Nicólas,44002
Claa,44003
Ďuriš,44004
Dovydas,44005
Sasnauskas,44006
Colangiuli,44007
Tyjon,44008
Jairón,44009
Charcopa,44010
Spencer Marques,44011
Diogo Spencer,44012
Wandeler,44013
Contena,44014
Dakarai,44015
Mafico,44016
Kevin-Prince,44017
Geller,44018
Cortés Gracia,44019
Paco Cortés,44020
Khlan,44021
Miguel de Jesús,44022
Narváez López,44023
Miguel Narváez,44024
M. Narváez,44025
Pereda López,44026
Cheli,44027
Antonio Manuel,44028
Casas Marín,44029
Casas,44030
A. Casas,44031
Baradji,44032
Cyprian,44033
Popielec,44034
Bisschops,44035
De Cat,44036
Beleza Figueiredo,44037
Gui Beleza,44038
Tinsdale,44039
Żewłakow,44040
Miguel Jan,44041
Salas Franch,44042
Jan Salas,44043
Mangiaut,44044
Marfella,44045
Tajaouart,44046
Hasip,44047
Korkmazyürek,44048
Korkmazyurek,44049
Hatchi,44050
Lankshear,44051
Moussaoui,44052
Louër,44053
Campbell-Slowey,44054
Ozzi,44055
Furo,44056
Benaets,44057
Jahmai,44058
Simpson-Pusey,44059
Jahmai S-P,44060
Cantero Mariño,44061
Mario Cantero,44062
Soffia,44063
Aladji,44064
Winterburn,44065
Akyazı,44066
Kaan Akyazı,44067
Stawiecki,44068
Henrique Miguel,44069
Sousa Arreiol,44070
Henrique Arreiol,44071
H. Arreiol,44072
Diao Balde,44073
Siren Diao,44074
Sørbo,44075
Sorbo,44076
Versluis,44077
Jemiah,44078
Umolu,44079
Natali,44080
Dobben,44081
Sherif,44082
Dermane,44083
Asmussen,44084
Westley,44085
Pérez Hidalgo,44086
Ángel Pérez,44087
Conde Gómez,44088
Tincho Conde,44089
Tincho,44090
Lebouath,44091
Rafii,44092
Haro Crespo,44093
Pere Haro,44094
Mateus Bula,44095
Dami Mané,44096
Mateus Mané,44097
Mohafidh,44098
Kraaijeveld,44099
Dias Fernandes,44100
Diogo Fernandes,44101
Diogo F.,44102
Matar Coundoul,44103
Ashia,44104
Egouli,44105
Jimi,44106
Gower,44107
Emmerson,44108
Avena,44109
Gerritsen,44110
Noham,44111
Carraro,44112
Prosper,44113
Lanroy,44114
Machine,44115
Azizi,44116
Fullah,44117
Basset,44118
Jourdren,44119
Deusdado Rodrigues,44120
Rodrigo Rodrigues,44121
Pinillos Wilson,44122
Lander Pinillos,44123
Lamine Gueye,44124
Sandu,44125
Donio,44126
Chafik,44127
El Hansar,44128
McFarlane,44129
Welma,44130
Fon,44131
Mawuli,44132
Sinaté,44133
Socka,44134
Hornemann,44135
Gajić,44136
Page,44137
Obón Salido,44138
Manu Obón,44139
Obon,44140
Dan-Cristian,44141
Tabuncic,44142
Azamat,44143
Uriev,44144
Siad,44145
Gourville,44146
Kapenga,44147
Duflos,44148
H.Touré,44149
Binet,44150
Sohan,44151
Paillard,44152
Boiteau,44153
El Farissi,44154
Exaucé,44155
Mpembele Boula,44156
Mpembele,44157
Kitenge,44158
Zanga,44159
Zanga.K,44160
Harangi,44161
Mihail,44162
Polendakov,44163
Déborah,44164
Bien-Aimé,44165
Bien-Aime,44166
Hallie,44167
Meadows,44168
Siliadin,44169
Joffrey,44170
Bultel,44171
Albæk,44172
Adewusi,44173
Yanis Franklin,44174
da Rocha,44175
Yanis da Rocha,44176
Adetunji Rasaq,44177
Adeshina,44178
Ngumoha,44179
Tómas Bent,44180
Gbemou,44181
Svitek,44182
Mlačić,44183
Vyacheslav,44184
Surkis,44185
Anastasiya,44186
Pobegaylo,44187
Matsuzawa,44188
Elida,44189
Kolbjørnsen,44190
Rodrigo Miguel,44191
Azevedo Mendes,44192
Rodrigo Mendes,44193
Wragg,44194
Dilhan,44195
Bop,44196
Guèye,44197
Skelin,44198
Muhlethaler,44199
Okine-Peters,44200
Pierre Landry,44201
Kabore,44202
Gioele,44203
Olivo,44204
Aneta,44205
Polášková,44206
Nikoloz,44207
Ugrekhelidze,44208
Ndzie,44209
Stepien-Iwumene,44210
Bruno Vilela,44211
Carvalho Fernandes,44212
Stretch,44213
Théna,44214
Massock,44215
Annan,44216
van Cruijsen,44217
Jermaine,44218
Rijssel,44219
Ryoga,44220
Kida,44221
Petiet,44222
Kelder,44223
Durmush,44224
K. Prieto,44225
Jismerai,44226
Dillema,44227
Middendorp,44228
Cairo,44229
Yénio,44230
Hoekstra,44231
Wik,44232
Gadegbeku,44233
Al Asbahi,44234
Correia Venâncio,44235
Rafael Venâncio,44236
El Jamali,44237
Ouzenadji,44238
Marchisano,44239
Arthylio,44240
Murcy,44241
Raache,44242
Dziki,44243
Mota Freitas,44244
Gui Freitas,44245
Ztouti,44246
de Laat,44247
Freek,44248
Entius,44249
João Moisés,44250
Gastão,44251
João Gastão,44252
Elekwa,44253
Dusinszki,44254
Valkanis,44255
Princewill,44256
Tylel,44257
Tati,44258
Fergusson,44259
Nikic,44260
Ríos Coto,44261
Hugo Ríos,44262
Rios,44263
Llorente Korta,44264
Oier Llorente,44265
O. Llorente,44266
Or,44267
Israelov,44268
Cléo,44269
Mélières,44270
Pepijn,44271
Reulen,44272
Jemuel,44273
Erat,44274
Chiza,44275
Givaro,44276
Rahajaän,44277
Giannino,44278
Vianello,44279
Abdelraffie,44280
Benzzine,44281
Yamano,44282
Olfers,44283
van Schooneveld,44284
Rojendro,44285
Oudsten,44286
Henriques da Silva,44287
Guilherme Smith,44288
Savonnier,44289
Liavas,44290
Yuto,44291
Tsunashima,44292
J. Martinez,44293
Nikolina,44294
Istocki,44295
Godoi Santos,44296
Allan Godoi,44297
Rhaldney,44298
Simião Gomes,44299
Janderson,44300
de Carvalho Costa,44301
Kovač,44302
Penev,44303
Gorter,44304
Kendall,44305
Alegría,44306
Ryan Carlos,44307
Santos de Souza,44308
Delgado Caballero,44309
Jorge Delgado,44310
Bathily,44311
Zilliox,44312
Tamarit Tamarit,44313
Toni Tamarit,44314
Tamarit,44315
Kassama,44316
Harkass,44317
Wawa,44318
Landerson,44319
Costa Araújo,44320
Sabra,44321
Vittorio,44322
Magni,44323
Elikya,44324
Legros,44325
Mezerette,44326
Mandengue,44327
Rodin,44328
Devernois,44329
Mituljikic,44330
Yukiyoshi,44331
Karashima,44332
Hian,44333
H. Rincon,44334
Ventosa González,44335
Ethan Ventosa,44336
Martínez Montero,44337
Sergio Martínez,44338
Sergio M.M.,44339
Sanchís Hernández,44340
Serpeta,44341
Efe Aghama,44342
Ugiagbe,44343
Torrents Salvat,44344
Jofre Torrents,44345
Maureira,44346
Fernández Arroyo,44347
Manu Fernández,44348
Unax,44349
Agote Aranburu,44350
Unax Agote,44351
Gorka Gorosabel,44352
Orobengoa Arbelaiz,44353
Ekain Orobengoa,44354
Koubini,44355
Hartog,44356
Maxima,44357
Goffi,44358
Koutoune,44359
Koumbassa,44360
Vossah,44361
Eppink,44362
Maiga Koita,44363
Abdou Maiga,44364
Maiga,44365
Jiménez Gambín,44366
Mario Jiménez,44367
Eceizabarrena,44368
Jon Eceizabarrena,44369
Carrera Zarranz,44370
Gorka Carrera,44371
Astiazarán Escabias,44372
Lander Astiazarán,44373
Ernie,44374
İbrahim,44375
Ogundu,44376
Yiğit Efe,44377
Maia Pereira,44378
Gonçalo Maia,44379
G. Maia,44380
Goos,44381
Boulet,44382
Agbaje,44383
Aiman,44384
Dardari,44385
Carvalho Teixeira,44386
Gabriel Carvalho,44387
Shalom,44388
Candelaria,44389
Valesca,44390
Ampoorter,44391
Vignolo,44392
Darris,44393
Zema,44394
Naïme,44395
Saïd Mchindra,44396
S Mchindra,44397
Bakhouche,44398
Efuele Ngoyala,44399
Jibril,44400
El Baraka,44401
M. W. de Oliveira,44402
Matheus Mendes,44403
M. Mendes,44404
Ilann,44405
Garin,44406
Ngangué,44407
Siebeking,44408
Varfolomeev,44409
Hijikata,44410
Kelian,44411
Baruti,44412
Sánchez-Rubio Rubio,44413
Jaime Sánchez-Rubio,44414
Sánchez-Rubio,44415
Santiago López,44416
Pablo Santiago,44417
Zacchi,44418
Moslih,44419
Mohamed Alì,44420
Zoma,44421
Bashi,44422
Marietta,44423
Di Maggio,44424
Giannini,44425
M. Caicedo,44426
El Mahboub,44427
de Guzmán,44428
Redmayne,44429
Nzonzi,44430
Bardi,44431
Seculin,44432
McAleny,44433
Schenkeveld,44434
Gómez Solà,44435
Sergi Gómez,44436
Osmanoğlu,44437
Turton,44438
Halloran,44439
Tonny,44440
Vilhena,44441
S. Rodríguez,44442
Nouha,44443
Dicko,44444
van Duinen,44445
Denswil,44446
Toffolo,44447
Benzia,44448
Arrigoni,44449
Plano Pedreño,44450
Óscar Plano,44451
Antônio Carlos,44452
Cunha Capocasali Jr,44453
Linetty,44454
Ivan Ricardo,44455
Cavaleiro,44456
Ivan Cavaleiro,44457
Masuaku,44458
Samir Caetano,44459
de Souza Santos,44460
Tisserand,44461
M. Tisserand,44462
Shephard,44463
Samatta,44464
Ely Ernesto,44465
Lopes Fernandes,44466
Ely Fernandes,44467
Marcos Felipe,44468
de Freitas Monteiro,44469
Oli,44470
McBurnie,44471
Hólmbert Aron,44472
Friðjónsson,44473
Calvert-Lewin,44474
Díaz Mejía,44475
Dorukhan,44476
Toköz,44477
Eguaras Álvarez,44478
Eguaras,44479
Bernardoni,44480
Tennai,44481
T.Watson,44482
Pedro Nuno,44483
Fernandes Ferreira,44484
Lenogue,44485
E.Bailly,44486
Leo Suárez,44487
Murilo,44488
Murilo Costa,44489
Lecoeuche,44490
Babajide David,44491
Akintola,44492
Namli,44493
Cosgrove,44494
Manjrekar,44495
Calabria,44496
A.Kante,44497
Faitout,44498
Maouassa,44499
Grandi,44500
Charles-Cook,44501
Jamaan,44502
Jalil,44503
Ruon,44504
Tongyik,44505
Jović,44506
Takeshi,44507
Kanamori,44508
Elhan,44509
Kastrati,44510
Blás,44511
Hohberg,44512
A. Hohberg,44513
Coucke,44514
Luis Jesús,44515
Pérez Maqueda,44516
Luis Pérez,44517
L.Pérez,44518
Godinho,44519
Ejaria,44520
Mileusnić,44521
Jordon,44522
Garrick,44523
Diéguez Grande,44524
Adrián Diéguez,44525
Dieguez,44526
Narro Valero,44527
Víctor Narro,44528
Al Joui,44529
Baldres Hermann,44530
Rafinha,44531
Di Nardo,44532
Nazim,44533
Giakoumakis,44534
Ricardo Luís,44535
Chaby Mangas,44536
Ricardo Mangas,44537
R.C. Mangas,44538
Lavín Rodríguez,44539
Marcos Lavín,44540
Amarilla,44541
Luis A.,44542
Carballo,44543
F. Carballo,44544
Brandáriz Movilla,44545
Chumi,44546
Arvin,44547
Elves Umar,44548
Elves Baldé,44549
E. Baldé,44550
Freriks,44551
Efkan,44552
Bekiroğlu,44553
Kolgeci,44554
Fein,44555
João Sabino,44556
Mendes Neto Saraiva,44557
Krzepisz,44558
Gasparini,44559
Pascual Castillo,44560
Martín Pascual,44561
Pane,44562
Fabricio D.,44563
Venturi,44564
Vermot,44565
Mollejo Carpintero,44566
Mollejo,44567
Aliseda,44568
Sosa Martín,44569
Ángela Sosa,44570
Martín Sosa,44571
Anam,44572
Imo,44573
Vallejo Avilés,44574
Hugo Vallejo,44575
R. Rojas,44576
Ihattaren,44577
Boyer,44578
Alexi,44579
Pitu,44580
Chergui,44581
Ponces Lourenço,44582
Bruno Lourenço,44583
B. Lourenço,44584
H. Fernández,44585
Graterol,44586
Cordea,44587
Omer,44588
Philippe Paulin,44589
Kény,44590
Lô,44591
A.M.Lo,44592
Zohoré,44593
A.AlSalem,44594
Jean-Lambert,44595
Evan's,44596
J. Trindade,44597
Gularte,44598
E. Gularte,44599
Luna Diale,44600
Zoubdi Touaizi,44601
Nabil Touaizi,44602
Nabil Tz.,44603
Cachito,44604
Arezo,44605
M. Arezo,44606
Seiji,44607
Garbett,44608
Sánchez Sendra,44609
E. Mejía,44610
Muhammadu,44611
D.Thiam,44612
Hannola,44613
Fatar,44614
Arman,44615
Taranis,44616
Vrakas,44617
Loreta,44618
Kullashi,44619
Lovato,44620
Cañizares Conchello,44621
Cañizares,44622
Yimy,44623
Yimbo,44624
K. Smith,44625
A. Cruz,44626
Lewald,44627
Sivi,44628
Sousa Albino,44629
David Sousa,44630
Godfried,44631
Tomeo Félez,44632
Pablo Tomeo,44633
Tomeo,44634
Démouchy,44635
Pinheiro Monteiro,44636
Diogo Monteiro,44637
Ovando,44638
Moreno San Vidal,44639
Jorge Moreno,44640
Jorge More,44641
Ringo,44642
Meerveld,44643
Laurina,44644
Fazer,44645
Célya,44646
Barclais,44647
Cosette,44648
Morché,44649
Yepes Laut,44650
Gerard Yepes,44651
Detlef,44652
Esapa Osong,44653
Boureille,44654
Michela,44655
Cantore,44656
Deossa,44657
N. Deossa,44658
Héloïse,44659
Mansuy,44660
López Gallo,44661
Andrés Castrín,44662
A. Castrín,44663
Zilli,44664
Sits,44665
Pinguet,44666
Makki,44667
Aiki,44668
Vergés,44669
J. Vergés,44670
Dickov,44671
Vilarrasa Palacios,44672
Vilarrasa,44673
I. Vilarrasa,44674
Diego Gabriel,44675
Silva Rosa,44676
Diego Rosa,44677
Yuliwes,44678
Bellache,44679
El-Abdellaoui,44680
Picornell,44681
Oliveri,44682
Fontanarosa,44683
Estela,44684
Carbonell Muñoz,44685
Estela Carbonell,44686
Catalina,44687
Kucharski,44688
Nibe,44689
Raillot,44690
Caño Isant,44691
Alba Caño,44692
Caño,44693
Mubarak,44694
Al Rajih,44695
Mubark,44696
Lührs,44697
Nissen,44698
Abaldo,44699
Ntamack,44700
Walter Jhonnier,44701
Jhonnier,44702
Soonsup-Bell,44703
Tornich,44704
Alemão,44705
Bertolissio,44706
Seid,44707
Korać,44708
Bauress,44709
Livano,44710
Comenencia,44711
Amasifuén,44712
Ouro-Tagba,44713
Pietrelli,44714
Daho,44715
Hormigo Iturralde,44716
Hormigo,44717
Jochem,44718
van de Kamp,44719
Yegoian,44720
Creț,44721
Cret,44722
Aleigh,44723
Gambone,44724
Kedie,44725
Jankovska,44726
Ranjeet,44727
Singh Pandre,44728
Heide,44729
Everson Junior,44730
Everson JR,44731
Egbring,44732
Abdulsamet,44733
Kaprálik,44734
F. Peralta,44735
Lahmadi,44736
Kamari,44737
Garriel Múñoz,44738
Iván Garriel,44739
I.Garriel,44740
Stephenson,44741
Van Neck,44742
Berkani,44743
MacNicol,44744
Hemsley,44745
Akpa-Chukwu,44746
Rinaldi,44747
Stabile,44748
Donley,44749
Senan,44750
Boaz,44751
Broekmans,44752
Brandes,44753
Nyoni,44754
Beres,44755
Duffus,44756
Mbick,44757
Baallal,44758
Mendicino,44759
O'hanlon,44760
Aingeru,44761
Olabarrieta Capelo,44762
Olabarrieta,44763
Tristán Jiménez,44764
Tristán,44765
Francisco Diogo,44766
Pereira Silva,44767
Francisco Silva,44768
Leal Siqueira,44769
Gui Siqueira,44770
Siqueira,44771
Sodero,44772
